16,1,1,'<p>BTK_Internal_2B</p>','<p>BTK Internal</p>','BTM_Internal_2B',,,,'BTK_Internal_2B',' ',' '

17,1,1,'<p>BTK_Internal_3B</p>','<p>BTK Internal</p>','BTM_Internal_3B',,,,'BTK_Internal_3B',' ',' '

18,1,1,'<p>BTK_Online_2B</p>','<p>BTK Online</p>','BTM_Online_2B',,,,'BTK_Online_2B',' ',' '

19,1,1,'<p>BTK_Online_3B</p>','<p>BTK Online</p>','BTM_Online_3B',,,,'BTK_Online_2B',' ',' '

20,1,1,'<p>BTK_Walkin_2B</p>','<p>BTK Walkin</p>','BTM_Walkin_2B',,,,'BTK_Walkin_2B',' ',' '

21,1,1,'<p>BTK_Walkin_2B</p>','<p>BTK Walkin</p>','BTM_Walkin_3B',,,,'BTK_Walkin_3B',' ',' '



